OBJETO;SERVICO;PESO;QTD;POSTAGEM;VALOR;DECLARADO;A_COBRAR;DESTINATARIO;CEP;SITUACAO;DATA_SITUACAO;NF;DEPARTAMENTO;ADICIONAIS;CONTEUDO;CONTRATO_ECT;DESTINO;CODIGO_PP;LISTA_POSTAGEM;CIDADE;UF;PRAZO_ESTIMADO;PRAZO_REAL;OBS;ALTURA;LARGURA;COMPRIMENTO;CODIGO_ECT;CARTAO_POSTAGEM;PLP;RFID
XX00000000BR;PAC;90;1;16/09/2026;23,30;0,00;0,00;DESTINATARIO EXEMPLO 1;60110-000;Objeto entregue ao destinatário;16/09/2026;;LOJA;;1 x PRODUTO;;Brasil;;;FORTALEZA;CE;;;;4;16;24;4510;;;
XX00000001BR;PAC;128;1;18/09/2026;30,47;174,00;0,00;DESTINATARIO EXEMPLO 2;64000-000;Objeto entregue ao destinatário;18/09/2026;;LOJA;;1 x PRODUTO;;Brasil;;;TERESINA;PI;;;;4;16;24;4510;;;
XX00000002BR;SEDEX;128;1;17/09/2026;77,10;0,00;0,00;DESTINATARIO EXEMPLO 3;30110-000;Objeto entregue ao destinatário;17/09/2026;;LOJA;;1 x PRODUTO;;Brasil;;;BELO HORIZONTE;MG;;;;4;16;24;4014;;;
XX00000003BR;SEDEX;255;1;22/09/2026;47,15;233,00;0,00;DESTINATARIO EXEMPLO 4;64000-000;Objeto entregue ao destinatário;22/09/2026;;LOJA;;1 x PRODUTO;;Brasil;;;TERESINA;PI;;;;2;11;16;4014;;;
XX00000004BR;SEDEX;2305;1;29/09/2026;33,40;0,00;0,00;DESTINATARIO EXEMPLO 5;60110-000;Objeto entregue ao destinatário;29/09/2026;;LOJA;;1 x PRODUTO;;Brasil;;;FORTALEZA;CE;;;;10;20;30;4014;;;
XX00000005BR;PAC;238;1;09/09/2026;27,50;0,00;0,00;DESTINATARIO EXEMPLO 6;50010-000;Objeto entregue ao destinatário;09/09/2026;;LOJA;;1 x PRODUTO;;Brasil;;;RECIFE;PE;;;;4;16;24;4510;;;
XX00000006BR;PAC;7159;1;13/09/2026;43,40;0,00;0,00;DESTINATARIO EXEMPLO 7;61600-000;Objeto entregue ao destinatário;13/09/2026;;LOJA;;1 x PRODUTO;;Brasil;;;CAUCAIA;CE;;;;20;30;40;4510;;;
XX00000007BR;PAC;289;1;27/09/2026;26,90;0,00;0,00;DESTINATARIO EXEMPLO 8;63010-000;Objeto entregue ao destinatário;27/09/2026;;LOJA;;1 x PRODUTO;;Brasil;;;JUAZEIRO DO NORTE;CE;;;;4;16;24;4510;;;
XX00000008BR;PAC;6249;1;26/09/2026;41,90;0,00;0,00;DESTINATARIO EXEMPLO 9;60110-000;Objeto entregue ao destinatário;26/09/2026;;LOJA;;1 x PRODUTO;;Brasil;;;FORTALEZA;CE;;;;20;30;40;4510;;;
XX00000009BR;PAC;5627;1;07/09/2026;47,00;0,00;0,00;DESTINATARIO EXEMPLO 10;59600-000;Objeto entregue ao destinatário;07/09/2026;;LOJA;;1 x PRODUTO;;Brasil;;;MOSSORO;RN;;;;20;30;40;4510;;;
XX00000010BR;SEDEX;1272;1;12/09/2026;30,60;0,00;0,00;DESTINATARIO EXEMPLO 11;60110-000;Objeto entregue ao destinatário;12/09/2026;;LOJA;;1 x PRODUTO;;Brasil;;;FORTALEZA;CE;;;;10;20;30;4014;;;
XX00000011BR;SEDEX;422;1;28/09/2026;46,80;0,00;0,00;DESTINATARIO EXEMPLO 12;64000-000;Objeto entregue ao destinatário;28/09/2026;;LOJA;;1 x PRODUTO;;Brasil;;;TERESINA;PI;;;;8;16;24;4014;;;
XX00000012BR;PAC;7371;1;26/09/2026;43,40;0,00;0,00;DESTINATARIO EXEMPLO 13;60110-000;Objeto entregue ao destinatário;26/09/2026;;LOJA;;1 x PRODUTO;;Brasil;;;FORTALEZA;CE;;;;20;30;40;4510;;;
XX00000013BR;PAC;197;1;18/09/2026;41,00;0,00;0,00;DESTINATARIO EXEMPLO 14;01010-000;Objeto entregue ao destinatário;18/09/2026;;LOJA;;1 x PRODUTO;;Brasil;;;SAO PAULO;SP;;;;2;11;16;4510;;;
XX00000014BR;SEDEX;292;1;25/09/2026;107,00;0,00;0,00;DESTINATARIO EXEMPLO 15;80010-000;Objeto entregue ao destinatário;25/09/2026;;LOJA;;1 x PRODUTO;;Brasil;;;CURITIBA;PR;;;;4;16;24;4014;;;
XX00000015BR;PAC;656;1;27/09/2026;35,97;299,00;0,00;DESTINATARIO EXEMPLO 16;50010-000;Objeto entregue ao destinatário;27/09/2026;;LOJA;;1 x PRODUTO;;Brasil;;;RECIFE;PE;;;;4;16;24;4510;;;
XX00000016BR;PAC;270;1;01/09/2026;27,71;66,00;0,00;DESTINATARIO EXEMPLO 17;63010-000;Objeto entregue ao destinatário;01/09/2026;;LOJA;;1 x PRODUTO;;Brasil;;;JUAZEIRO DO NORTE;CE;;;;3;12;20;4510;;;
XX00000017BR;SEDEX;1792;1;15/09/2026;89,20;0,00;0,00;DESTINATARIO EXEMPLO 18;56300-000;Objeto entregue ao destinatário;15/09/2026;;LOJA;;1 x PRODUTO;;Brasil;;;PETROLINA;PE;;;;15;25;35;4014;;;
XX00000018BR;SEDEX;646;1;15/09/2026;83,60;0,00;0,00;DESTINATARIO EXEMPLO 19;20010-000;Objeto entregue ao destinatário;15/09/2026;;LOJA;;1 x PRODUTO;;Brasil;;;RIO DE JANEIRO;RJ;;;;4;16;24;4014;;;
XX00000019BR;PAC;188;1;25/09/2026;45,47;249,00;0,00;DESTINATARIO EXEMPLO 20;01010-000;Objeto entregue ao destinatário;25/09/2026;;LOJA;;1 x PRODUTO;;Brasil;;;SAO PAULO;SP;;;;3;12;20;4510;;;
XX00000020BR;PAC;250;1;12/09/2026;38,33;232,00;0,00;DESTINATARIO EXEMPLO 21;40010-000;Objeto entregue ao destinatário;12/09/2026;;LOJA;;1 x PRODUTO;;Brasil;;;SALVADOR;BA;;;;3;12;20;4510;;;
XX00000021BR;PAC;5469;1;26/09/2026;39,40;0,00;0,00;DESTINATARIO EXEMPLO 22;61600-000;Objeto entregue ao destinatário;26/09/2026;;LOJA;;1 x PRODUTO;;Brasil;;;CAUCAIA;CE;;;;15;25;35;4510;;;
XX00000022BR;SEDEX;132;1;21/09/2026;89,80;0,00;0,00;DESTINATARIO EXEMPLO 23;14010-000;Objeto entregue ao destinatário;21/09/2026;;LOJA;;1 x PRODUTO;;Brasil;;;RIBEIRAO PRETO;SP;;;;2;11;16;4014;;;
XX00000023BR;PAC;610;1;24/09/2026;41,39;295,00;0,00;DESTINATARIO EXEMPLO 24;56300-000;Objeto entregue ao destinatário;24/09/2026;;LOJA;;1 x PRODUTO;;Brasil;;;PETROLINA;PE;;;;10;20;30;4510;;;
XX00000024BR;PAC;730;1;30/09/2026;25,80;0,00;0,00;DESTINATARIO EXEMPLO 25;60110-000;Objeto entregue ao destinatário;30/09/2026;;LOJA;;1 x PRODUTO;;Brasil;;;FORTALEZA;CE;;;;4;16;24;4510;;;
XX00000025BR;SEDEX;161;1;23/09/2026;89,80;0,00;0,00;DESTINATARIO EXEMPLO 26;70040-000;Objeto entregue ao destinatário;23/09/2026;;LOJA;;1 x PRODUTO;;Brasil;;;BRASILIA;DF;;;;3;12;20;4014;;;
XX00000026BR;SEDEX;723;1;03/09/2026;46,80;0,00;0,00;DESTINATARIO EXEMPLO 27;64000-000;Objeto entregue ao destinatário;03/09/2026;;LOJA;;1 x PRODUTO;;Brasil;;;TERESINA;PI;;;;10;20;30;4014;;;
XX00000027BR;PAC;1179;1;26/09/2026;33,60;0,00;0,00;DESTINATARIO EXEMPLO 28;64000-000;Objeto entregue ao destinatário;26/09/2026;;LOJA;;1 x PRODUTO;;Brasil;;;TERESINA;PI;;;;15;25;35;4510;;;
XX00000028BR;SEDEX;281;1;11/09/2026;81,11;226,00;0,00;DESTINATARIO EXEMPLO 29;40010-000;Objeto entregue ao destinatário;11/09/2026;;LOJA;;1 x PRODUTO;;Brasil;;;SALVADOR;BA;;;;3;12;20;4014;;;
XX00000029BR;PAC;204;1;24/09/2026;41,00;0,00;0,00;DESTINATARIO EXEMPLO 30;01010-000;Objeto entregue ao destinatário;24/09/2026;;LOJA;;1 x PRODUTO;;Brasil;;;SAO PAULO;SP;;;;4;16;24;4510;;;
XX00000030BR;SEDEX;2937;1;26/09/2026;33,40;0,00;0,00;DESTINATARIO EXEMPLO 31;60110-000;Objeto entregue ao destinatário;26/09/2026;;LOJA;;1 x PRODUTO;;Brasil;;;FORTALEZA;CE;;;;10;20;30;4014;;;
XX00000031BR;SEDEX;437;1;24/09/2026;46,80;0,00;0,00;DESTINATARIO EXEMPLO 32;59010-000;Objeto entregue ao destinatário;24/09/2026;;LOJA;;1 x PRODUTO;;Brasil;;;NATAL;RN;;;;4;16;24;4014;;;
XX00000032BR;PAC;7915;1;15/09/2026;120,60;0,00;0,00;DESTINATARIO EXEMPLO 33;69005-000;Objeto entregue ao destinatário;15/09/2026;;LOJA;;1 x PRODUTO;;Brasil;;;MANAUS;AM;;;;15;25;35;4510;;;
XX00000033BR;PAC;1357;1;30/09/2026;52,45;158,00;0,00;DESTINATARIO EXEMPLO 34;01010-000;Objeto entregue ao destinatário;30/09/2026;;LOJA;;1 x PRODUTO;;Brasil;;;SAO PAULO;SP;;;;15;25;35;4510;;;
XX00000034BR;PAC;1016;1;01/09/2026;49,80;0,00;0,00;DESTINATARIO EXEMPLO 35;01010-000;Objeto entregue ao destinatário;01/09/2026;;LOJA;;1 x PRODUTO;;Brasil;;;SAO PAULO;SP;;;;10;20;30;4510;;;
XX00000035BR;PAC;640;1;04/09/2026;43,47;299,00;0,00;DESTINATARIO EXEMPLO 36;40010-000;Objeto entregue ao destinatário;04/09/2026;;LOJA;;1 x PRODUTO;;Brasil;;;SALVADOR;BA;;;;4;16;24;4510;;;
XX00000036BR;PAC;948;1;27/09/2026;25,80;0,00;0,00;DESTINATARIO EXEMPLO 37;60110-000;Objeto entregue ao destinatário;27/09/2026;;LOJA;;1 x PRODUTO;;Brasil;;;FORTALEZA;CE;;;;8;16;24;4510;;;
XX00000037BR;PAC;502;1;04/09/2026;29,80;0,00;0,00;DESTINATARIO EXEMPLO 38;63010-000;Objeto entregue ao destinatário;04/09/2026;;LOJA;;1 x PRODUTO;;Brasil;;;JUAZEIRO DO NORTE;CE;;;;10;20;30;4510;;;
XX00000038BR;PAC;373;1;25/09/2026;39,35;93,00;0,00;DESTINATARIO EXEMPLO 39;40010-000;Objeto entregue ao destinatário;25/09/2026;;LOJA;;1 x PRODUTO;;Brasil;;;SALVADOR;BA;;;;4;16;24;4510;;;
XX00000039BR;SEDEX;566;1;04/09/2026;97,30;0,00;0,00;DESTINATARIO EXEMPLO 40;01010-000;Objeto entregue ao destinatário;04/09/2026;;LOJA;;1 x PRODUTO;;Brasil;;;SAO PAULO;SP;;;;8;16;24;4014;;;
XX00000040BR;PAC;2424;1;30/09/2026;59,60;0,00;0,00;DESTINATARIO EXEMPLO 41;14010-000;Objeto entregue ao destinatário;30/09/2026;;LOJA;;1 x PRODUTO;;Brasil;;;RIBEIRAO PRETO;SP;;;;10;20;30;4510;;;
XX00000041BR;PAC;498;1;19/09/2026;45,50;0,00;0,00;DESTINATARIO EXEMPLO 42;01010-000;Objeto entregue ao destinatário;19/09/2026;;LOJA;;1 x PRODUTO;;Brasil;;;SAO PAULO;SP;;;;8;16;24;4510;;;
XX00000042BR;PAC;789;1;24/09/2026;45,50;0,00;0,00;DESTINATARIO EXEMPLO 43;01010-000;Objeto entregue ao destinatário;24/09/2026;;LOJA;;1 x PRODUTO;;Brasil;;;SAO PAULO;SP;;;;4;16;24;4510;;;
XX00000043BR;PAC;813;1;11/09/2026;25,80;0,00;0,00;DESTINATARIO EXEMPLO 44;60110-000;Objeto entregue ao destinatário;11/09/2026;;LOJA;;1 x PRODUTO;;Brasil;;;FORTALEZA;CE;;;;8;16;24;4510;;;
XX00000044BR;PAC;108;1;25/09/2026;27,50;0,00;0,00;DESTINATARIO EXEMPLO 45;64000-000;Objeto entregue ao destinatário;25/09/2026;;LOJA;;1 x PRODUTO;;Brasil;;;TERESINA;PI;;;;3;12;20;4510;;;
XX00000045BR;PAC;818;1;28/09/2026;33,13;157,00;0,00;DESTINATARIO EXEMPLO 46;59010-000;Objeto entregue ao destinatário;28/09/2026;;LOJA;;1 x PRODUTO;;Brasil;;;NATAL;RN;;;;10;20;30;4510;;;
XX00000046BR;SEDEX;269;1;12/09/2026;31,60;0,00;0,00;DESTINATARIO EXEMPLO 47;62010-000;Objeto entregue ao destinatário;12/09/2026;;LOJA;;1 x PRODUTO;;Brasil;;;SOBRAL;CE;;;;2;11;16;4014;;;
XX00000047BR;PAC;284;1;17/09/2026;29,65;163,00;0,00;DESTINATARIO EXEMPLO 48;59600-000;Objeto entregue ao destinatário;17/09/2026;;LOJA;;1 x PRODUTO;;Brasil;;;MOSSORO;RN;;;;3;12;20;4510;;;
XX00000048BR;PAC;172;1;20/09/2026;23,30;0,00;0,00;DESTINATARIO EXEMPLO 49;60110-000;Objeto entregue ao destinatário;20/09/2026;;LOJA;;1 x PRODUTO;;Brasil;;;FORTALEZA;CE;;;;3;12;20;4510;;;
XX00000049BR;PAC;7254;1;03/09/2026;61,39;65,00;0,00;DESTINATARIO EXEMPLO 50;59010-000;Objeto entregue ao destinatário;03/09/2026;;LOJA;;1 x PRODUTO;;Brasil;;;NATAL;RN;;;;15;25;35;4510;;;
XX00000050BR;SEDEX;6855;1;20/09/2026;44,90;0,00;0,00;DESTINATARIO EXEMPLO 51;60110-000;Objeto entregue ao destinatário;20/09/2026;;LOJA;;1 x PRODUTO;;Brasil;;;FORTALEZA;CE;;;;20;30;40;4014;;;
XX00000051BR;PAC;249;1;25/09/2026;23,30;0,00;0,00;DESTINATARIO EXEMPLO 52;60110-000;Objeto entregue ao destinatário;25/09/2026;;LOJA;;1 x PRODUTO;;Brasil;;;FORTALEZA;CE;;;;4;16;24;4510;;;
XX00000052BR;SEDEX;2631;1;27/09/2026;65,60;0,00;0,00;DESTINATARIO EXEMPLO 53;59010-000;Objeto entregue ao destinatário;27/09/2026;;LOJA;;1 x PRODUTO;;Brasil;;;NATAL;RN;;;;10;20;30;4014;;;
XX00000053BR;PAC;2985;1;07/09/2026;32,00;0,00;0,00;DESTINATARIO EXEMPLO 54;60110-000;Objeto entregue ao destinatário;07/09/2026;;LOJA;;1 x PRODUTO;;Brasil;;;FORTALEZA;CE;;;;15;25;35;4510;;;
XX00000054BR;SEDEX;792;1;09/09/2026;83,60;0,00;0,00;DESTINATARIO EXEMPLO 55;20010-000;Objeto entregue ao destinatário;09/09/2026;;LOJA;;1 x PRODUTO;;Brasil;;;RIO DE JANEIRO;RJ;;;;10;20;30;4014;;;
XX00000055BR;SEDEX;1624;1;03/09/2026;56,10;0,00;0,00;DESTINATARIO EXEMPLO 56;59010-000;Objeto entregue ao destinatário;03/09/2026;;LOJA;;1 x PRODUTO;;Brasil;;;NATAL;RN;;;;15;25;35;4014;;;
XX00000056BR;SEDEX;588;1;17/09/2026;88,67;279,00;0,00;DESTINATARIO EXEMPLO 57;66010-000;Objeto entregue ao destinatário;17/09/2026;;LOJA;;1 x PRODUTO;;Brasil;;;BELEM;PA;;;;4;16;24;4014;;;
XX00000057BR;PAC;2908;1;17/09/2026;36,50;0,00;0,00;DESTINATARIO EXEMPLO 58;59600-000;Objeto entregue ao destinatário;17/09/2026;;LOJA;;1 x PRODUTO;;Brasil;;;MOSSORO;RN;;;;15;25;35;4510;;;
XX00000058BR;SEDEX;3278;1;20/09/2026;46,51;111,00;0,00;DESTINATARIO EXEMPLO 59;63010-000;Objeto entregue ao destinatário;20/09/2026;;LOJA;;1 x PRODUTO;;Brasil;;;JUAZEIRO DO NORTE;CE;;;;15;25;35;4014;;;
XX00000059BR;PAC;743;1;01/09/2026;30,50;0,00;0,00;DESTINATARIO EXEMPLO 60;50010-000;Objeto entregue ao destinatário;01/09/2026;;LOJA;;1 x PRODUTO;;Brasil;;;RECIFE;PE;;;;10;20;30;4510;;;
XX00000060BR;SEDEX;165;1;27/09/2026;46,53;202,00;0,00;DESTINATARIO EXEMPLO 61;59010-000;Objeto entregue ao destinatário;27/09/2026;;LOJA;;1 x PRODUTO;;Brasil;;;NATAL;RN;;;;3;12;20;4014;;;
XX00000061BR;SEDEX;1178;1;21/09/2026;56,10;0,00;0,00;DESTINATARIO EXEMPLO 62;59010-000;Objeto entregue ao destinatário;21/09/2026;;LOJA;;1 x PRODUTO;;Brasil;;;NATAL;RN;;;;15;25;35;4014;;;
XX00000062BR;SEDEX;948;1;26/09/2026;46,80;0,00;0,00;DESTINATARIO EXEMPLO 63;59010-000;Objeto entregue ao destinatário;26/09/2026;;LOJA;;1 x PRODUTO;;Brasil;;;NATAL;RN;;;;4;16;24;4014;;;
XX00000063BR;PAC;7885;1;20/09/2026;79,20;0,00;0,00;DESTINATARIO EXEMPLO 64;20010-000;Objeto entregue ao destinatário;20/09/2026;;LOJA;;1 x PRODUTO;;Brasil;;;RIO DE JANEIRO;RJ;;;;20;30;40;4510;;;
XX00000064BR;PAC;142;1;01/09/2026;34,20;0,00;0,00;DESTINATARIO EXEMPLO 65;66010-000;Objeto entregue ao destinatário;01/09/2026;;LOJA;;1 x PRODUTO;;Brasil;;;BELEM;PA;;;;2;11;16;4510;;;
XX00000065BR;PAC;826;1;04/09/2026;25,80;0,00;0,00;DESTINATARIO EXEMPLO 66;60110-000;Objeto entregue ao destinatário;04/09/2026;;LOJA;;1 x PRODUTO;;Brasil;;;FORTALEZA;CE;;;;10;20;30;4510;;;
XX00000066BR;SEDEX;1815;1;14/09/2026;30,60;0,00;0,00;DESTINATARIO EXEMPLO 67;61600-000;Objeto entregue ao destinatário;14/09/2026;;LOJA;;1 x PRODUTO;;Brasil;;;CAUCAIA;CE;;;;15;25;35;4014;;;
XX00000067BR;PAC;5801;1;15/09/2026;50,03;177,00;0,00;DESTINATARIO EXEMPLO 68;63010-000;Objeto entregue ao destinatário;15/09/2026;;LOJA;;1 x PRODUTO;;Brasil;;;JUAZEIRO DO NORTE;CE;;;;15;25;35;4510;;;
XX00000068BR;PAC;607;1;03/09/2026;35,89;295,00;0,00;DESTINATARIO EXEMPLO 69;50010-000;Objeto entregue ao destinatário;03/09/2026;;LOJA;;1 x PRODUTO;;Brasil;;;RECIFE;PE;;;;4;16;24;4510;;;
XX00000069BR;PAC;262;1;16/09/2026;27,50;0,00;0,00;DESTINATARIO EXEMPLO 70;64000-000;Objeto entregue ao destinatário;16/09/2026;;LOJA;;1 x PRODUTO;;Brasil;;;TERESINA;PI;;;;2;11;16;4510;;;
XX00000070BR;SEDEX;528;1;16/09/2026;35,87;119,00;0,00;DESTINATARIO EXEMPLO 71;63010-000;Objeto entregue ao destinatário;16/09/2026;;LOJA;;1 x PRODUTO;;Brasil;;;JUAZEIRO DO NORTE;CE;;;;10;20;30;4014;;;
XX00000071BR;PAC;901;1;22/09/2026;66,70;0,00;0,00;DESTINATARIO EXEMPLO 72;90010-000;Objeto entregue ao destinatário;22/09/2026;;LOJA;;1 x PRODUTO;;Brasil;;;PORTO ALEGRE;RS;;;;10;20;30;4510;;;
XX00000072BR;PAC;216;1;27/09/2026;66,15;138,00;0,00;DESTINATARIO EXEMPLO 73;35570-000;Objeto entregue ao destinatário;27/09/2026;;LOJA;;1 x PRODUTO;;Brasil;;;FORMIGA;MG;;;;4;16;24;4510;;;
XX00000073BR;SEDEX;863;1;24/09/2026;27,60;0,00;0,00;DESTINATARIO EXEMPLO 74;60110-000;Objeto entregue ao destinatário;24/09/2026;;LOJA;;1 x PRODUTO;;Brasil;;;FORTALEZA;CE;;;;10;20;30;4014;;;
XX00000074BR;PAC;137;1;18/09/2026;34,20;0,00;0,00;DESTINATARIO EXEMPLO 75;20010-000;Objeto entregue ao destinatário;18/09/2026;;LOJA;;1 x PRODUTO;;Brasil;;;RIO DE JANEIRO;RJ;;;;2;11;16;4510;;;
XX00000075BR;SEDEX;538;1;09/09/2026;83,60;0,00;0,00;DESTINATARIO EXEMPLO 76;30110-000;Objeto entregue ao destinatário;09/09/2026;;LOJA;;1 x PRODUTO;;Brasil;;;BELO HORIZONTE;MG;;;;4;16;24;4014;;;
XX00000076BR;PAC;8173;1;20/09/2026;55,00;0,00;0,00;DESTINATARIO EXEMPLO 77;63010-000;Objeto entregue ao destinatário;20/09/2026;;LOJA;;1 x PRODUTO;;Brasil;;;JUAZEIRO DO NORTE;CE;;;;15;25;35;4510;;;
XX00000077BR;PAC;121;1;25/09/2026;49,30;0,00;0,00;DESTINATARIO EXEMPLO 78;80010-000;Objeto entregue ao destinatário;25/09/2026;;LOJA;;1 x PRODUTO;;Brasil;;;CURITIBA;PR;;;;2;11;16;4510;;;
XX00000078BR;SEDEX;777;1;07/09/2026;83,60;0,00;0,00;DESTINATARIO EXEMPLO 79;20010-000;Objeto entregue ao destinatário;07/09/2026;;LOJA;;1 x PRODUTO;;Brasil;;;RIO DE JANEIRO;RJ;;;;10;20;30;4014;;;
XX00000079BR;SEDEX;824;1;10/09/2026;103,55;338,00;0,00;DESTINATARIO EXEMPLO 80;70040-000;Objeto entregue ao destinatário;10/09/2026;;LOJA;;1 x PRODUTO;;Brasil;;;BRASILIA;DF;;;;8;16;24;4014;;;
XX00000080BR;SEDEX;632;1;27/09/2026;97,30;0,00;0,00;DESTINATARIO EXEMPLO 81;01010-000;Objeto entregue ao destinatário;27/09/2026;;LOJA;;1 x PRODUTO;;Brasil;;;SAO PAULO;SP;;;;10;20;30;4014;;;
XX00000081BR;PAC;1543;1;30/09/2026;51,55;113,00;0,00;DESTINATARIO EXEMPLO 82;01010-000;Objeto entregue ao destinatário;30/09/2026;;LOJA;;1 x PRODUTO;;Brasil;;;SAO PAULO;SP;;;;15;25;35;4510;;;
XX00000082BR;PAC;5994;1;14/09/2026;81,70;0,00;0,00;DESTINATARIO EXEMPLO 83;01010-000;Objeto entregue ao destinatário;14/09/2026;;LOJA;;1 x PRODUTO;;Brasil;;;SAO PAULO;SP;;;;15;25;35;4510;;;
XX00000083BR;PAC;174;1;21/09/2026;41,00;0,00;0,00;DESTINATARIO EXEMPLO 84;01010-000;Objeto entregue ao destinatário;21/09/2026;;LOJA;;1 x PRODUTO;;Brasil;;;SAO PAULO;SP;;;;2;11;16;4510;;;
XX00000084BR;PAC;3068;1;24/09/2026;57,45;228,00;0,00;DESTINATARIO EXEMPLO 85;20010-000;Objeto entregue ao destinatário;24/09/2026;;LOJA;;1 x PRODUTO;;Brasil;;;RIO DE JANEIRO;RJ;;;;10;20;30;4510;;;
XX00000085BR;PAC;3224;1;11/09/2026;33,50;0,00;0,00;DESTINATARIO EXEMPLO 86;61600-000;Objeto entregue ao destinatário;11/09/2026;;LOJA;;1 x PRODUTO;;Brasil;;;CAUCAIA;CE;;;;10;20;30;4510;;;
XX00000086BR;PAC;218;1;23/09/2026;26,90;0,00;0,00;DESTINATARIO EXEMPLO 87;63010-000;Objeto entregue ao destinatário;23/09/2026;;LOJA;;1 x PRODUTO;;Brasil;;;JUAZEIRO DO NORTE;CE;;;;3;12;20;4510;;;
XX00000087BR;PAC;549;1;19/09/2026;29,80;0,00;0,00;DESTINATARIO EXEMPLO 88;59600-000;Objeto entregue ao destinatário;19/09/2026;;LOJA;;1 x PRODUTO;;Brasil;;;MOSSORO;RN;;;;8;16;24;4510;;;
XX00000088BR;SEDEX;135;1;29/09/2026;77,10;0,00;0,00;DESTINATARIO EXEMPLO 89;66010-000;Objeto entregue ao destinatário;29/09/2026;;LOJA;;1 x PRODUTO;;Brasil;;;BELEM;PA;;;;3;12;20;4014;;;
XX00000089BR;PAC;324;1;24/09/2026;30,50;0,00;0,00;DESTINATARIO EXEMPLO 90;50010-000;Objeto entregue ao destinatário;24/09/2026;;LOJA;;1 x PRODUTO;;Brasil;;;RECIFE;PE;;;;10;20;30;4510;;;
XX00000090BR;SEDEX;1616;1;21/09/2026;37,20;0,00;0,00;DESTINATARIO EXEMPLO 91;62010-000;Objeto entregue ao destinatário;21/09/2026;;LOJA;;1 x PRODUTO;;Brasil;;;SOBRAL;CE;;;;10;20;30;4014;;;
XX00000091BR;SEDEX;476;1;25/09/2026;46,80;0,00;0,00;DESTINATARIO EXEMPLO 92;59010-000;Objeto entregue ao destinatário;25/09/2026;;LOJA;;1 x PRODUTO;;Brasil;;;NATAL;RN;;;;4;16;24;4014;;;
XX00000092BR;PAC;176;1;26/09/2026;41,00;0,00;0,00;DESTINATARIO EXEMPLO 93;14010-000;Objeto entregue ao destinatário;26/09/2026;;LOJA;;1 x PRODUTO;;Brasil;;;RIBEIRAO PRETO;SP;;;;2;11;16;4510;;;
XX00000093BR;PAC;895;1;06/09/2026;29,80;0,00;0,00;DESTINATARIO EXEMPLO 94;63010-000;Objeto entregue ao destinatário;06/09/2026;;LOJA;;1 x PRODUTO;;Brasil;;;JUAZEIRO DO NORTE;CE;;;;10;20;30;4510;;;
XX00000094BR;PAC;401;1;29/09/2026;29,80;0,00;0,00;DESTINATARIO EXEMPLO 95;62010-000;Objeto entregue ao destinatário;29/09/2026;;LOJA;;1 x PRODUTO;;Brasil;;;SOBRAL;CE;;;;4;16;24;4510;;;
XX00000095BR;SEDEX;2843;1;21/09/2026;155,47;314,00;0,00;DESTINATARIO EXEMPLO 96;13010-000;Objeto entregue ao destinatário;21/09/2026;;LOJA;;1 x PRODUTO;;Brasil;;;CAMPINAS;SP;;;;10;20;30;4014;;;
XX00000096BR;SEDEX;238;1;09/09/2026;43,00;0,00;0,00;DESTINATARIO EXEMPLO 97;50010-000;Objeto entregue ao destinatário;09/09/2026;;LOJA;;1 x PRODUTO;;Brasil;;;RECIFE;PE;;;;3;12;20;4014;;;
XX00000097BR;PAC;668;1;18/09/2026;30,50;0,00;0,00;DESTINATARIO EXEMPLO 98;64000-000;Objeto entregue ao destinatário;18/09/2026;;LOJA;;1 x PRODUTO;;Brasil;;;TERESINA;PI;;;;4;16;24;4510;;;
XX00000098BR;PAC;788;1;18/09/2026;46,61;81,00;0,00;DESTINATARIO EXEMPLO 99;14010-000;Objeto entregue ao destinatário;18/09/2026;;LOJA;;1 x PRODUTO;;Brasil;;;RIBEIRAO PRETO;SP;;;;4;16;24;4510;;;
XX00000099BR;SEDEX;751;1;15/09/2026;101,99;260,00;0,00;DESTINATARIO EXEMPLO 100;13010-000;Objeto entregue ao destinatário;15/09/2026;;LOJA;;1 x PRODUTO;;Brasil;;;CAMPINAS;SP;;;;8;16;24;4014;;;
XX00000100BR;SEDEX;3190;1;03/09/2026;75,10;0,00;0,00;DESTINATARIO EXEMPLO 101;50010-000;Objeto entregue ao destinatário;03/09/2026;;LOJA;;1 x PRODUTO;;Brasil;;;RECIFE;PE;;;;10;20;30;4014;;;
XX00000101BR;PAC;210;1;19/09/2026;41,00;0,00;0,00;DESTINATARIO EXEMPLO 102;14010-000;Objeto entregue ao destinatário;19/09/2026;;LOJA;;1 x PRODUTO;;Brasil;;;RIBEIRAO PRETO;SP;;;;3;12;20;4510;;;
XX00000102BR;PAC;256;1;27/09/2026;23,30;0,00;0,00;DESTINATARIO EXEMPLO 103;60110-000;Objeto entregue ao destinatário;27/09/2026;;LOJA;;1 x PRODUTO;;Brasil;;;FORTALEZA;CE;;;;3;12;20;4510;;;
XX00000103BR;SEDEX;145;1;03/09/2026;77,10;0,00;0,00;DESTINATARIO EXEMPLO 104;20010-000;Objeto entregue ao destinatário;03/09/2026;;LOJA;;1 x PRODUTO;;Brasil;;;RIO DE JANEIRO;RJ;;;;2;11;16;4014;;;
XX00000104BR;PAC;707;1;06/09/2026;30,50;0,00;0,00;DESTINATARIO EXEMPLO 105;64000-000;Objeto entregue ao destinatário;06/09/2026;;LOJA;;1 x PRODUTO;;Brasil;;;TERESINA;PI;;;;10;20;30;4510;;;
XX00000105BR;SEDEX;2976;1;22/09/2026;40,70;0,00;0,00;DESTINATARIO EXEMPLO 106;59600-000;Objeto entregue ao destinatário;22/09/2026;;LOJA;;1 x PRODUTO;;Brasil;;;MOSSORO;RN;;;;10;20;30;4014;;;
XX00000106BR;PAC;154;1;22/09/2026;41,00;0,00;0,00;DESTINATARIO EXEMPLO 107;01010-000;Objeto entregue ao destinatário;22/09/2026;;LOJA;;1 x PRODUTO;;Brasil;;;SAO PAULO;SP;;;;2;11;16;4510;;;
XX00000107BR;PAC;268;1;20/09/2026;34,20;0,00;0,00;DESTINATARIO EXEMPLO 108;40010-000;Objeto entregue ao destinatário;20/09/2026;;LOJA;;1 x PRODUTO;;Brasil;;;SALVADOR;BA;;;;4;16;24;4510;;;
XX00000108BR;SEDEX;239;1;05/09/2026;89,80;0,00;0,00;DESTINATARIO EXEMPLO 109;01010-000;Objeto entregue ao destinatário;05/09/2026;;LOJA;;1 x PRODUTO;;Brasil;;;SAO PAULO;SP;;;;3;12;20;4014;;;
XX00000109BR;PAC;7871;1;15/09/2026;60,60;0,00;0,00;DESTINATARIO EXEMPLO 110;59010-000;Objeto entregue ao destinatário;15/09/2026;;LOJA;;1 x PRODUTO;;Brasil;;;NATAL;RN;;;;15;25;35;4510;;;
XX00000110BR;SEDEX;264;1;02/09/2026;89,80;0,00;0,00;DESTINATARIO EXEMPLO 111;70040-000;Objeto entregue ao destinatário;02/09/2026;;LOJA;;1 x PRODUTO;;Brasil;;;BRASILIA;DF;;;;4;16;24;4014;;;
XX00000111BR;PAC;285;1;19/09/2026;32,40;0,00;0,00;DESTINATARIO EXEMPLO 112;56300-000;Objeto entregue ao destinatário;19/09/2026;;LOJA;;1 x PRODUTO;;Brasil;;;PETROLINA;PE;;;;4;16;24;4510;;;
XX00000112BR;SEDEX;803;1;21/09/2026;52,93;332,00;0,00;DESTINATARIO EXEMPLO 113;59010-000;Objeto entregue ao destinatário;21/09/2026;;LOJA;;1 x PRODUTO;;Brasil;;;NATAL;RN;;;;4;16;24;4014;;;
XX00000113BR;PAC;967;1;18/09/2026;38,00;0,00;0,00;DESTINATARIO EXEMPLO 114;20010-000;Objeto entregue ao destinatário;18/09/2026;;LOJA;;1 x PRODUTO;;Brasil;;;RIO DE JANEIRO;RJ;;;;10;20;30;4510;;;
XX00000114BR;PAC;288;1;30/09/2026;23,30;0,00;0,00;DESTINATARIO EXEMPLO 115;60110-000;Objeto entregue ao destinatário;30/09/2026;;LOJA;;1 x PRODUTO;;Brasil;;;FORTALEZA;CE;;;;3;12;20;4510;;;
XX00000115BR;PAC;471;1;11/09/2026;42,07;229,00;0,00;DESTINATARIO EXEMPLO 116;30110-000;Objeto entregue ao destinatário;11/09/2026;;LOJA;;1 x PRODUTO;;Brasil;;;BELO HORIZONTE;MG;;;;4;16;24;4510;;;
XX00000116BR;PAC;255;1;23/09/2026;34,20;0,00;0,00;DESTINATARIO EXEMPLO 117;30110-000;Objeto entregue ao destinatário;23/09/2026;;LOJA;;1 x PRODUTO;;Brasil;;;BELO HORIZONTE;MG;;;;3;12;20;4510;;;
XX00000117BR;PAC;8432;1;22/09/2026;126,60;0,00;0,00;DESTINATARIO EXEMPLO 118;80010-000;Objeto entregue ao destinatário;22/09/2026;;LOJA;;1 x PRODUTO;;Brasil;;;CURITIBA;PR;;;;15;25;35;4510;;;
XX00000118BR;PAC;291;1;10/09/2026;36,45;138,00;0,00;DESTINATARIO EXEMPLO 119;20010-000;Objeto entregue ao destinatário;10/09/2026;;LOJA;;1 x PRODUTO;;Brasil;;;RIO DE JANEIRO;RJ;;;;3;12;20;4510;;;
XX00000119BR;SEDEX;2743;1;18/09/2026;149,70;0,00;0,00;DESTINATARIO EXEMPLO 120;01010-000;Objeto entregue ao destinatário;18/09/2026;;LOJA;;1 x PRODUTO;;Brasil;;;SAO PAULO;SP;;;;10;20;30;4014;;;
