uf;municipio;classe;fonte
SP;SAO PAULO;A+;Classificação de cidades 31/01/2023
RJ;RIO DE JANEIRO;A+;Classificação de cidades 31/01/2023
MG;BELO HORIZONTE;A+;Classificação de cidades 31/01/2023
PR;CURITIBA;A+;Classificação de cidades 31/01/2023
DF;BRASILIA;A+;Classificação de cidades 31/01/2023
BA;SALVADOR;A+;Classificação de cidades 31/01/2023
CE;FORTALEZA;A+;Classificação de cidades 31/01/2023
RS;PORTO ALEGRE;A+;Classificação de cidades 31/01/2023
GO;GOIANIA;A+;Classificação de cidades 31/01/2023
SP;GUARULHOS;A+;Classificação de cidades 31/01/2023
SP;CAMPINAS;A+;Classificação de cidades 31/01/2023
PE;RECIFE;A+;Classificação de cidades 31/01/2023
AM;MANAUS;A+;Classificação de cidades 31/01/2023
SP;SAO BERNARDO DO CAMPO;A+;Classificação de cidades 31/01/2023
SP;RIBEIRAO PRETO;A+;Classificação de cidades 31/01/2023
SP;SANTO ANDRE;A+;Classificação de cidades 31/01/2023
MS;CAMPO GRANDE;A+;Classificação de cidades 31/01/2023
SP;OSASCO;A+;Classificação de cidades 31/01/2023
PA;BELEM;A+;Classificação de cidades 31/01/2023
SP;FRANCA;A+;Classificação de cidades 31/01/2023
MG;UBERLANDIA;A+;Classificação de cidades 31/01/2023
SP;SAO JOSE DOS CAMPOS;A+;Classificação de cidades 31/01/2023
SP;SOROCABA;A+;Classificação de cidades 31/01/2023
SC;FLORIANOPOLIS;A+;Classificação de cidades 31/01/2023
MG;CONTAGEM;A+;Classificação de cidades 31/01/2023
SP;JUNDIAI;A+;Classificação de cidades 31/01/2023
SP;SAO JOSE DO RIO PRETO;A+;Classificação de cidades 31/01/2023
SC;JOINVILLE;A;Classificação de cidades 31/01/2023
RJ;NITEROI;A;Classificação de cidades 31/01/2023
MG;JUIZ DE FORA;A;Classificação de cidades 31/01/2023
PR;LONDRINA;A;Classificação de cidades 31/01/2023
MA;SAO LUIS;A;Classificação de cidades 31/01/2023
PB;JOAO PESSOA;A;Classificação de cidades 31/01/2023
RJ;SAO GONCALO;A;Classificação de cidades 31/01/2023
SP;SANTOS;A;Classificação de cidades 31/01/2023
RN;NATAL;A;Classificação de cidades 31/01/2023
AL;MACEIO;A;Classificação de cidades 31/01/2023
SP;DIADEMA;A;Classificação de cidades 31/01/2023
RJ;DUQUE DE CAXIAS;A;Classificação de cidades 31/01/2023
SP;CARAPICUIBA;A;Classificação de cidades 31/01/2023
ES;VITORIA;A;Classificação de cidades 31/01/2023
RJ;NOVA IGUACU;A;Classificação de cidades 31/01/2023
PR;MARINGA;A;Classificação de cidades 31/01/2023
MT;CUIABA;A;Classificação de cidades 31/01/2023
ES;VILA VELHA;A;Classificação de cidades 31/01/2023
SC;BLUMENAU;A;Classificação de cidades 31/01/2023
RS;CAXIAS DO SUL;A;Classificação de cidades 31/01/2023
PE;JABOATAO DOS GUARARAPES;A;Classificação de cidades 31/01/2023
ES;SERRA;A;Classificação de cidades 31/01/2023
SE;ARACAJU;A;Classificação de cidades 31/01/2023
SP;BAURU;A;Classificação de cidades 31/01/2023
SP;BARUERI;A;Classificação de cidades 31/01/2023
PI;TERESINA;A;Classificação de cidades 31/01/2023
SP;PIRACICABA;A;Classificação de cidades 31/01/2023
GO;APARECIDA DE GOIANIA;A;Classificação de cidades 31/01/2023
SP;MOGI DAS CRUZES;A;Classificação de cidades 31/01/2023
SP;MAUA;A;Classificação de cidades 31/01/2023
MG;BETIM;A;Classificação de cidades 31/01/2023
SP;LIMEIRA;A;Classificação de cidades 31/01/2023
PR;SAO JOSE DOS PINHAIS;A;Classificação de cidades 31/01/2023
SP;INDAIATUBA;A;Classificação de cidades 31/01/2023
SP;COTIA;A;Classificação de cidades 31/01/2023
BA;FEIRA DE SANTANA;A;Classificação de cidades 31/01/2023
SP;CAJAMAR;A;Classificação de cidades 31/01/2023
SP;TABOAO DA SERRA;A;Classificação de cidades 31/01/2023
RS;CANOAS;A;Classificação de cidades 31/01/2023
SC;SAO JOSE;A;Classificação de cidades 31/01/2023
SP;MARILIA;A;Classificação de cidades 31/01/2023
RO;PORTO VELHO;A;Classificação de cidades 31/01/2023
RJ;SAO JOAO DE MERITI;A;Classificação de cidades 31/01/2023
MG;DIVINOPOLIS;A;Classificação de cidades 31/01/2023
SP;AMERICANA;A;Classificação de cidades 31/01/2023
PR;PONTA GROSSA;A;Classificação de cidades 31/01/2023
PR;CASCAVEL;A;Classificação de cidades 31/01/2023
SC;ITAJAI;A;Classificação de cidades 31/01/2023
MG;UBERABA;A;Classificação de cidades 31/01/2023
SP;PRAIA GRANDE;A;Classificação de cidades 31/01/2023
MG;MONTES CLAROS;A;Classificação de cidades 31/01/2023
RJ;CAMPOS DOS GOYTACAZES;A;Classificação de cidades 31/01/2023
RJ;PETROPOLIS;A;Classificação de cidades 31/01/2023
SP;SAO VICENTE;A;Classificação de cidades 31/01/2023
SP;SAO CARLOS;A;Classificação de cidades 31/01/2023
SP;TAUBATE;A;Classificação de cidades 31/01/2023
SP;SAO CAETANO DO SUL;A;Classificação de cidades 31/01/2023
RJ;NOVA FRIBURGO;A;Classificação de cidades 31/01/2023
SP;PRESIDENTE PRUDENTE;A;Classificação de cidades 31/01/2023
PE;OLINDA;A;Classificação de cidades 31/01/2023
ES;CARIACICA;A;Classificação de cidades 31/01/2023
RS;NOVO HAMBURGO;A;Classificação de cidades 31/01/2023
GO;ANAPOLIS;A;Classificação de cidades 31/01/2023
SP;SUZANO;A;Classificação de cidades 31/01/2023
RJ;BELFORD ROXO;A;Classificação de cidades 31/01/2023
SP;SUMARE;A;Classificação de cidades 31/01/2023
RS;PELOTAS;A;Classificação de cidades 31/01/2023
MG;EXTREMA;A;Classificação de cidades 31/01/2023
SP;ITAQUAQUECETUBA;B;Classificação de cidades 31/01/2023
SP;EMBU DAS ARTES;B;Classificação de cidades 31/01/2023
SP;ARARAQUARA;B;Classificação de cidades 31/01/2023
SP;GUARUJA;B;Classificação de cidades 31/01/2023
SP;HORTOLANDIA;B;Classificação de cidades 31/01/2023
PA;ANANINDEUA;B;Classificação de cidades 31/01/2023
SP;BIRIGUI;B;Classificação de cidades 31/01/2023
TO;PALMAS;B;Classificação de cidades 31/01/2023
MG;RIBEIRAO DAS NEVES;B;Classificação de cidades 31/01/2023
PB;CAMPINA GRANDE;B;Classificação de cidades 31/01/2023
MG;PITANGUI;B;Classificação de cidades 31/01/2023
RS;SAO LEOPOLDO;B;Classificação de cidades 31/01/2023
RS;SANTA MARIA;B;Classificação de cidades 31/01/2023
SP;JACAREI;B;Classificação de cidades 31/01/2023
MG;IPATINGA;B;Classificação de cidades 31/01/2023
PR;FOZ DO IGUACU;B;Classificação de cidades 31/01/2023
SC;CRICIUMA;B;Classificação de cidades 31/01/2023
RS;GRAVATAI;B;Classificação de cidades 31/01/2023
MG;GOVERNADOR VALADARES;B;Classificação de cidades 31/01/2023
SP;RIO CLARO;B;Classificação de cidades 31/01/2023
SP;ITAPECERICA DA SERRA;B;Classificação de cidades 31/01/2023
RR;BOA VISTA;B;Classificação de cidades 31/01/2023
PR;COLOMBO;B;Classificação de cidades 31/01/2023
SC;BALNEARIO CAMBORIU;B;Classificação de cidades 31/01/2023
SC;CHAPECO;B;Classificação de cidades 31/01/2023
RJ;VOLTA REDONDA;B;Classificação de cidades 31/01/2023
AP;MACAPA;B;Classificação de cidades 31/01/2023
SP;ARACATUBA;B;Classificação de cidades 31/01/2023
RJ;MACAE;B;Classificação de cidades 31/01/2023
BA;VITORIA DA CONQUISTA;B;Classificação de cidades 31/01/2023
SP;ITU;B;Classificação de cidades 31/01/2023
MS;DOURADOS;B;Classificação de cidades 31/01/2023
SC;BRUSQUE;B;Classificação de cidades 31/01/2023
RS;PASSO FUNDO;B;Classificação de cidades 31/01/2023
PE;PETROLINA;B;Classificação de cidades 31/01/2023
MG;SETE LAGOAS;B;Classificação de cidades 31/01/2023
PE;CARUARU;B;Classificação de cidades 31/01/2023
SC;PALHOCA;B;Classificação de cidades 31/01/2023
SP;SANTA BARBARA D OESTE;B;Classificação de cidades 31/01/2023
SC;JARAGUA DO SUL;B;Classificação de cidades 31/01/2023
SP;IBITINGA;B;Classificação de cidades 31/01/2023
SP;ATIBAIA;B;Classificação de cidades 31/01/2023
PE;PAULISTA;B;Classificação de cidades 31/01/2023
AC;RIO BRANCO;B;Classificação de cidades 31/01/2023
SP;VALINHOS;B;Classificação de cidades 31/01/2023
BA;CAMACARI;B;Classificação de cidades 31/01/2023
SP;BRAGANCA PAULISTA;B;Classificação de cidades 31/01/2023
SP;ITAPEVI;B;Classificação de cidades 31/01/2023
MG;SANTA LUZIA;B;Classificação de cidades 31/01/2023
BA;LAURO DE FREITAS;B;Classificação de cidades 31/01/2023
MG;POCOS DE CALDAS;B;Classificação de cidades 31/01/2023
MT;VARZEA GRANDE;B;Classificação de cidades 31/01/2023
GO;RIO VERDE;B;Classificação de cidades 31/01/2023
MT;RONDONOPOLIS;B;Classificação de cidades 31/01/2023
RN;PARNAMIRIM;B;Classificação de cidades 31/01/2023
PR;PINHAIS;B;Classificação de cidades 31/01/2023
RS;VIAMAO;B;Classificação de cidades 31/01/2023
SP;SANTANA DE PARNAIBA;B;Classificação de cidades 31/01/2023
MG;NOVA SERRANA;B;Classificação de cidades 31/01/2023
RJ;CABO FRIO;B;Classificação de cidades 31/01/2023
MG;PATOS DE MINAS;B;Classificação de cidades 31/01/2023
MG;VARGINHA;B;Classificação de cidades 31/01/2023
SP;VOTORANTIM;B;Classificação de cidades 31/01/2023
ES;CACHOEIRO DE ITAPEMIRIM;B;Classificação de cidades 31/01/2023
MG;POUSO ALEGRE;B;Classificação de cidades 31/01/2023
RS;RIO GRANDE;B;Classificação de cidades 31/01/2023
RS;CACHOEIRINHA;B;Classificação de cidades 31/01/2023
SP;MOGI GUACU;B;Classificação de cidades 31/01/2023
RS;ALVORADA;B;Classificação de cidades 31/01/2023
PR;CAMPO LARGO;B;Classificação de cidades 31/01/2023
SP;JAU;B;Classificação de cidades 31/01/2023
CE;CAUCAIA;B;Classificação de cidades 31/01/2023
SP;TATUI;B;Classificação de cidades 31/01/2023
RJ;MAGE;B;Classificação de cidades 31/01/2023
SP;BOTUCATU;B;Classificação de cidades 31/01/2023
RJ;NILOPOLIS;B;Classificação de cidades 31/01/2023
PR;GUARAPUAVA;B;Classificação de cidades 31/01/2023
SC;LAGES;B;Classificação de cidades 31/01/2023
PR;ARAUCARIA;B;Classificação de cidades 31/01/2023
RN;MOSSORO;B;Classificação de cidades 31/01/2023
RJ;TERESOPOLIS;B;Classificação de cidades 31/01/2023
SP;PINDAMONHANGABA;B;Classificação de cidades 31/01/2023
CE;MARACANAU;B;Classificação de cidades 31/01/2023
SP;FRANCO DA ROCHA;B;Classificação de cidades 31/01/2023
PR;ARAPONGAS;B;Classificação de cidades 31/01/2023
RS;BENTO GONCALVES;B;Classificação de cidades 31/01/2023
SP;SALTO;B;Classificação de cidades 31/01/2023
MT;SINOP;B;Classificação de cidades 31/01/2023
RJ;ANGRA DOS REIS;B;Classificação de cidades 31/01/2023
BA;ITABUNA;B;Classificação de cidades 31/01/2023
PR;APUCARANA;B;Classificação de cidades 31/01/2023
MG;IBIRITE;B;Classificação de cidades 31/01/2023
SP;ITAPETININGA;B;Classificação de cidades 31/01/2023
SC;TUBARAO;B;Classificação de cidades 31/01/2023
RJ;ITABORAI;B;Classificação de cidades 31/01/2023
SP;CATANDUVA;B;Classificação de cidades 31/01/2023
SP;PAULINIA;B;Classificação de cidades 31/01/2023
SP;FERRAZ DE VASCONCELOS;B;Classificação de cidades 31/01/2023
RJ;RIO DAS OSTRAS;B;Classificação de cidades 31/01/2023
PR;TOLEDO;B;Classificação de cidades 31/01/2023
SP;ARARAS;B;Classificação de cidades 31/01/2023
RJ;MARICA;B;Classificação de cidades 31/01/2023
MA;IMPERATRIZ;B;Classificação de cidades 31/01/2023
RJ;BARRA MANSA;B;Classificação de cidades 31/01/2023
CE;JUAZEIRO DO NORTE;B;Classificação de cidades 31/01/2023
RS;SANTA CRUZ DO SUL;B;Classificação de cidades 31/01/2023
SP;GUARATINGUETA;B;Classificação de cidades 31/01/2023
PR;PARANAGUA;C;Classificação de cidades 31/01/2023
MG;CONSELHEIRO LAFAIETE;C;Classificação de cidades 31/01/2023
GO;LUZIANIA;C;Classificação de cidades 31/01/2023
SP;ITATIBA;C;Classificação de cidades 31/01/2023
SP;JANDIRA;C;Classificação de cidades 31/01/2023
ES;LINHARES;C;Classificação de cidades 31/01/2023
SC;GASPAR;C;Classificação de cidades 31/01/2023
PR;UMUARAMA;C;Classificação de cidades 31/01/2023
RJ;MESQUITA;C;Classificação de cidades 31/01/2023
GO;VALPARAISO DE GOIAS;C;Classificação de cidades 31/01/2023
SP;BARRETOS;C;Classificação de cidades 31/01/2023
SP;FRANCISCO MORATO;C;Classificação de cidades 31/01/2023
BA;JUAZEIRO;C;Classificação de cidades 31/01/2023
SP;SERTAOZINHO;C;Classificação de cidades 31/01/2023
SP;CARAGUATATUBA;C;Classificação de cidades 31/01/2023
PA;PARAUAPEBAS;C;Classificação de cidades 31/01/2023
SP;ASSIS;C;Classificação de cidades 31/01/2023
SP;OURINHOS;C;Classificação de cidades 31/01/2023
MG;LAVRAS;C;Classificação de cidades 31/01/2023
ES;GUARAPARI;C;Classificação de cidades 31/01/2023
SP;RIBEIRAO PIRES;C;Classificação de cidades 31/01/2023
PA;SANTAREM;C;Classificação de cidades 31/01/2023
MG;NOVA LIMA;C;Classificação de cidades 31/01/2023
PE;CABO DE SANTO AGOSTINHO;C;Classificação de cidades 31/01/2023
RS;ERECHIM;C;Classificação de cidades 31/01/2023
PA;MARABA;C;Classificação de cidades 31/01/2023
MG;TEOFILO OTONI;C;Classificação de cidades 31/01/2023
SP;CUBATAO;C;Classificação de cidades 31/01/2023
RS;LAJEADO;C;Classificação de cidades 31/01/2023
PR;FAZENDA RIO GRANDE;C;Classificação de cidades 31/01/2023
SP;POA;C;Classificação de cidades 31/01/2023
RJ;RESENDE;C;Classificação de cidades 31/01/2023
SP;MATAO;C;Classificação de cidades 31/01/2023
MG;ALFENAS;C;Classificação de cidades 31/01/2023
MG;SABARA;C;Classificação de cidades 31/01/2023
MG;VESPASIANO;C;Classificação de cidades 31/01/2023
SP;MOGI MIRIM;C;Classificação de cidades 31/01/2023
SP;VARZEA PAULISTA;C;Classificação de cidades 31/01/2023
RS;SAPUCAIA DO SUL;C;Classificação de cidades 31/01/2023
GO;AGUAS LINDAS DE GOIAS;C;Classificação de cidades 31/01/2023
PR;PARANAVAI;C;Classificação de cidades 31/01/2023
MG;UBA;C;Classificação de cidades 31/01/2023
TO;ARAGUAINA;C;Classificação de cidades 31/01/2023
BA;ILHEUS;C;Classificação de cidades 31/01/2023
ES;COLATINA;C;Classificação de cidades 31/01/2023
SP;ARUJA;C;Classificação de cidades 31/01/2023
SP;LEME;C;Classificação de cidades 31/01/2023
MG;BARBACENA;C;Classificação de cidades 31/01/2023
MS;TRES LAGOAS;C;Classificação de cidades 31/01/2023
PR;ALMIRANTE TAMANDARE;C;Classificação de cidades 31/01/2023
SP;SAO JOAO DA BOA VISTA;C;Classificação de cidades 31/01/2023
BA;SIMOES FILHO;C;Classificação de cidades 31/01/2023
MG;BOM DESPACHO;C;Classificação de cidades 31/01/2023
MG;ARAXA;C;Classificação de cidades 31/01/2023
SP;CAIEIRAS;C;Classificação de cidades 31/01/2023
SP;VOTUPORANGA;C;Classificação de cidades 31/01/2023
MG;LAGOA DA PRATA;C;Classificação de cidades 31/01/2023
MG;MURIAE;C;Classificação de cidades 31/01/2023
MG;ARAGUARI;C;Classificação de cidades 31/01/2023
AL;ARAPIRACA;C;Classificação de cidades 31/01/2023
PR;SARANDI;C;Classificação de cidades 31/01/2023
BA;PORTO SEGURO;C;Classificação de cidades 31/01/2023
SP;SAO ROQUE;C;Classificação de cidades 31/01/2023
MG;CORONEL FABRICIANO;C;Classificação de cidades 31/01/2023
PR;CAMPO MOURAO;C;Classificação de cidades 31/01/2023
RS;URUGUAIANA;C;Classificação de cidades 31/01/2023
BA;TEIXEIRA DE FREITAS;C;Classificação de cidades 31/01/2023
RJ;QUEIMADOS;C;Classificação de cidades 31/01/2023
MT;SORRISO;C;Classificação de cidades 31/01/2023
SP;MAIRIPORA;C;Classificação de cidades 31/01/2023
GO;CATALAO;C;Classificação de cidades 31/01/2023
SP;VINHEDO;C;Classificação de cidades 31/01/2023
MG;ITAJUBA;C;Classificação de cidades 31/01/2023
PE;CAMARAGIBE;C;Classificação de cidades 31/01/2023
MG;PEDRO LEOPOLDO;C;Classificação de cidades 31/01/2023
PR;FRANCISCO BELTRAO;C;Classificação de cidades 31/01/2023
PR;PATO BRANCO;C;Classificação de cidades 31/01/2023
SC;NAVEGANTES;C;Classificação de cidades 31/01/2023
MG;ITABIRA;C;Classificação de cidades 31/01/2023
MG;PASSOS;C;Classificação de cidades 31/01/2023
MG;ITAUNA;C;Classificação de cidades 31/01/2023
PR;CAMBE;C;Classificação de cidades 31/01/2023
RJ;ITAGUAI;C;Classificação de cidades 31/01/2023
SP;AVARE;C;Classificação de cidades 31/01/2023
RS;SAPIRANGA;C;Classificação de cidades 31/01/2023
SE;NOSSA SENHORA DO SOCORRO;C;Classificação de cidades 31/01/2023
MG;PARA DE MINAS;C;Classificação de cidades 31/01/2023
SP;PEDREIRA;C;Classificação de cidades 31/01/2023
PR;CIANORTE;C;Classificação de cidades 31/01/2023
SP;ITANHAEM;C;Classificação de cidades 31/01/2023
PA;CASTANHAL;C;Classificação de cidades 31/01/2023
SC;BIGUACU;C;Classificação de cidades 31/01/2023
SC;RIO DO SUL;C;Classificação de cidades 31/01/2023
RJ;ARARUAMA;C;Classificação de cidades 31/01/2023
BA;BARREIRAS;C;Classificação de cidades 31/01/2023
PR;PIRAQUARA;C;Classificação de cidades 31/01/2023
SC;CAMBORIU;C;Classificação de cidades 31/01/2023
SP;CACAPAVA;C;Classificação de cidades 31/01/2023
CE;SOBRAL;C;Classificação de cidades 31/01/2023
SP;AMPARO;C;Classificação de cidades 31/01/2023
SP;UBATUBA;C;Classificação de cidades 31/01/2023
MG;VICOSA;C;Classificação de cidades 31/01/2023
GO;ITUMBIARA;C;Classificação de cidades 31/01/2023
ES;SAO MATEUS;C;Classificação de cidades 31/01/2023
RJ;ITAPERUNA;C;Classificação de cidades 31/01/2023
MG;ITUIUTABA;C;Classificação de cidades 31/01/2023
GO;JATAI;C;Classificação de cidades 31/01/2023
GO;TRINDADE;C;Classificação de cidades 31/01/2023
SC;CONCORDIA;C;Classificação de cidades 31/01/2023
MG;SAO JOAO DEL REI;C;Classificação de cidades 31/01/2023
RS;IJUI;C;Classificação de cidades 31/01/2023
SP;SAO SEBASTIAO;C;Classificação de cidades 31/01/2023
SP;CAMPO LIMPO PAULISTA;C;Classificação de cidades 31/01/2023
RS;BAGE;C;Classificação de cidades 31/01/2023
RS;ESTEIO;C;Classificação de cidades 31/01/2023
SP;LINS;C;Classificação de cidades 31/01/2023
RO;VILHENA;C;Classificação de cidades 31/01/2023
SC;SAO BENTO DO SUL;C;Classificação de cidades 31/01/2023
SC;ITAPEMA;C;Classificação de cidades 31/01/2023
RO;JI-PARANA;C;Classificação de cidades 31/01/2023
SP;TUPA;C;Classificação de cidades 31/01/2023
BA;ALAGOINHAS;C;Classificação de cidades 31/01/2023
SP;PIRASSUNUNGA;C;Classificação de cidades 31/01/2023
BA;LUIS EDUARDO MAGALHAES;C;Classificação de cidades 31/01/2023
GO;SENADOR CANEDO;C;Classificação de cidades 31/01/2023
SP;FERNANDOPOLIS;C;Classificação de cidades 31/01/2023
SP;ITAPEVA;C;Classificação de cidades 31/01/2023
SP;BEBEDOURO;C;Classificação de cidades 31/01/2023
SP;JABOTICABAL;C;Classificação de cidades 31/01/2023
BA;JEQUIE;C;Classificação de cidades 31/01/2023
RS;GUAIBA;C;Classificação de cidades 31/01/2023
MG;TIMOTEO;C;Classificação de cidades 31/01/2023
MT;TANGARA DA SERRA;C;Classificação de cidades 31/01/2023
SP;JAGUARIUNA;C;Classificação de cidades 31/01/2023
MG;PARACATU;C;Classificação de cidades 31/01/2023
SP;ITAPOLIS;C;Classificação de cidades 31/01/2023
MG;JOAO MONLEVADE;C;Classificação de cidades 31/01/2023
SP;ITAPIRA;C;Classificação de cidades 31/01/2023
SP;ITUPEVA;C;Classificação de cidades 31/01/2023
RS;CAMPO BOM;C;Classificação de cidades 31/01/2023
MG;LAGOA SANTA;C;Classificação de cidades 31/01/2023
RJ;SAO PEDRO DA ALDEIA;C;Classificação de cidades 31/01/2023
PR;MARECHAL CANDIDO RONDON;C;Classificação de cidades 31/01/2023
BA;EUNAPOLIS;C;Classificação de cidades 31/01/2023
MG;CATAGUASES;C;Classificação de cidades 31/01/2023
ES;ARACRUZ;C;Classificação de cidades 31/01/2023
MG;MANHUACU;C;Classificação de cidades 31/01/2023
SP;PENAPOLIS;C;Classificação de cidades 31/01/2023
MG;PATROCINIO;C;Classificação de cidades 31/01/2023
SP;LORENA;C;Classificação de cidades 31/01/2023
RS;FARROUPILHA;C;Classificação de cidades 31/01/2023
RS;SANTA ROSA;C;Classificação de cidades 31/01/2023
SP;PORTO FERREIRA;C;Classificação de cidades 31/01/2023
SC;INDAIAL;C;Classificação de cidades 31/01/2023
MG;MACHADO;C;Classificação de cidades 31/01/2023
GO;FORMOSA;C;Classificação de cidades 31/01/2023
SP;LENCOIS PAULISTA;C;Classificação de cidades 31/01/2023
MG;TRES CORACOES;C;Classificação de cidades 31/01/2023
MS;CORUMBA;C;Classificação de cidades 31/01/2023
MT;LUCAS DO RIO VERDE;C;Classificação de cidades 31/01/2023
RS;SANTO ANGELO;C;Classificação de cidades 31/01/2023
PE;GARANHUNS;C;Classificação de cidades 31/01/2023
MG;FORMIGA;C;Classificação de cidades 31/01/2023
BA;SANTO ANTONIO DE JESUS;C;Classificação de cidades 31/01/2023
MT;PRIMAVERA DO LESTE;C;Classificação de cidades 31/01/2023
GO;CALDAS NOVAS;C;Classificação de cidades 31/01/2023
SP;MIRASSOL;C;Classificação de cidades 31/01/2023
SP;BOITUVA;C;Classificação de cidades 31/01/2023
SP;PERUIBE;C;Classificação de cidades 31/01/2023
RJ;TRES RIOS;C;Classificação de cidades 31/01/2023
MG;UNAI;C;Classificação de cidades 31/01/2023
SP;CRUZEIRO;C;Classificação de cidades 31/01/2023
SP;NOVA ODESSA;C;Classificação de cidades 31/01/2023
RJ;BARRA DO PIRAI;C;Classificação de cidades 31/01/2023
MG;CARATINGA;C;Classificação de cidades 31/01/2023
ES;VIANA;C;Classificação de cidades 31/01/2023
MG;CURVELO;C;Classificação de cidades 31/01/2023
RO;ARIQUEMES;C;Classificação de cidades 31/01/2023
PE;SANTA CRUZ DO CAPIBARIBE;C;Classificação de cidades 31/01/2023
RS;CACHOEIRA DO SUL;C;Classificação de cidades 31/01/2023
SP;VARGEM GRANDE PAULISTA;C;Classificação de cidades 31/01/2023
MG;SAO SEBASTIAO DO PARAISO;C;Classificação de cidades 31/01/2023
SC;ARARANGUA;C;Classificação de cidades 31/01/2023
SC;CACADOR;C;Classificação de cidades 31/01/2023
SP;BATATAIS;C;Classificação de cidades 31/01/2023
MS;PONTA PORA;C;Classificação de cidades 31/01/2023
SP;COSMOPOLIS;C;Classificação de cidades 31/01/2023
RJ;SAQUAREMA;C;Classificação de cidades 31/01/2023
PR;ROLANDIA;C;Classificação de cidades 31/01/2023
PR;TELEMACO BORBA;C;Classificação de cidades 31/01/2023
RS;MONTENEGRO;C;Classificação de cidades 31/01/2023
MG;PONTE NOVA;C;Classificação de cidades 31/01/2023
SP;EMBU-GUACU;C;Classificação de cidades 31/01/2023
SP;MOCOCA;C;Classificação de cidades 31/01/2023
MG;OURO PRETO;C;Classificação de cidades 31/01/2023
PI;PARNAIBA;C;Classificação de cidades 31/01/2023
BA;PAULO AFONSO;C;Classificação de cidades 31/01/2023
MA;TIMON;C;Classificação de cidades 31/01/2023
PE;VITORIA DE SANTO ANTAO;C;Classificação de cidades 31/01/2023
RS;CARAZINHO;C;Classificação de cidades 31/01/2023
MG;ARCOS;C;Classificação de cidades 31/01/2023
TO;GURUPI;C;Classificação de cidades 31/01/2023
PB;PATOS;C;Classificação de cidades 31/01/2023
RS;SANTANA DO LIVRAMENTO;C;Classificação de cidades 31/01/2023
RJ;SEROPEDICA;C;Classificação de cidades 31/01/2023
SC;VIDEIRA;C;Classificação de cidades 31/01/2023
BA;CANDEIAS;C;Classificação de cidades 31/01/2023
SP;CERQUILHO;C;Classificação de cidades 31/01/2023
GO;PLANALTINA;C;Classificação de cidades 31/01/2023
SP;MONTE MOR;C;Classificação de cidades 31/01/2023
GO;NOVO GAMA;C;Classificação de cidades 31/01/2023
PA;MARITUBA;C;Classificação de cidades 31/01/2023
SP;CAPIVARI;C;Classificação de cidades 31/01/2023
SP;ANDRADINA;C;Classificação de cidades 31/01/2023
PE;ABREU E LIMA;C;Classificação de cidades 31/01/2023
SP;REGISTRO;C;Classificação de cidades 31/01/2023
PR;SANTO ANTONIO DA PLATINA;C;Classificação de cidades 31/01/2023
SP;BERTIOGA;C;Classificação de cidades 31/01/2023
SP;OLIMPIA;C;Classificação de cidades 31/01/2023
PA;ALTAMIRA;C;Classificação de cidades 31/01/2023
CE;CRATO;C;Classificação de cidades 31/01/2023
GO;GOIANESIA;C;Classificação de cidades 31/01/2023
PE;SAO LOURENCO DA MATA;C;Classificação de cidades 31/01/2023
PR;MEDIANEIRA;C;Classificação de cidades 31/01/2023
MG;SAO LOURENCO;C;Classificação de cidades 31/01/2023
SC;TIMBO;C;Classificação de cidades 31/01/2023
RO;CACOAL;C;Classificação de cidades 31/01/2023
RS;VACARIA;C;Classificação de cidades 31/01/2023
PE;IGARASSU;C;Classificação de cidades 31/01/2023
GO;MINEIROS;C;Classificação de cidades 31/01/2023
RS;CAPAO DA CANOA;C;Classificação de cidades 31/01/2023
PR;UNIAO DA VITORIA;C;Classificação de cidades 31/01/2023
SC;ICARA;C;Classificação de cidades 31/01/2023
MG;SANTA RITA DO SAPUCAI;C;Classificação de cidades 31/01/2023
MG;CONGONHAS;C;Classificação de cidades 31/01/2023
SP;JALES;C;Classificação de cidades 31/01/2023
RS;CRUZ ALTA;C;Classificação de cidades 31/01/2023
RS;ALEGRETE;C;Classificação de cidades 31/01/2023
MG;MARIANA;C;Classificação de cidades 31/01/2023
SC;SAO FRANCISCO DO SUL;C;Classificação de cidades 31/01/2023
SP;MONGAGUA;C;Classificação de cidades 31/01/2023
SC;XANXERE;C;Classificação de cidades 31/01/2023
SP;DRACENA;C;Classificação de cidades 31/01/2023
MG;ITABIRITO;C;Classificação de cidades 31/01/2023
MT;CACERES;C;Classificação de cidades 31/01/2023
SP;ARTUR NOGUEIRA;C;Classificação de cidades 31/01/2023
PB;SANTA RITA;C;Classificação de cidades 31/01/2023
RJ;VALENCA;C;Classificação de cidades 31/01/2023
BA;DIAS D AVILA;C;Classificação de cidades 31/01/2023
AP;SANTANA;C;Classificação de cidades 31/01/2023
PA;REDENCAO;C;Classificação de cidades 31/01/2023
PR;CASTRO;C;Classificação de cidades 31/01/2023
SP;LOUVEIRA;C;Classificação de cidades 31/01/2023
SP;SAO JOSE DO RIO PARDO;C;Classificação de cidades 31/01/2023
SP;APARECIDA;C;Classificação de cidades 31/01/2023
MG;ESMERALDAS;C;Classificação de cidades 31/01/2023
RJ;JAPERI;C;Classificação de cidades 31/01/2023
PR;CORNELIO PROCOPIO;C;Classificação de cidades 31/01/2023
SP;CABREUVA;C;Classificação de cidades 31/01/2023
SC;SAO MIGUEL DO OESTE;C;Classificação de cidades 31/01/2023
RS;GRAMADO;C;Classificação de cidades 31/01/2023
MG;CAMPO BELO;C;Classificação de cidades 31/01/2023
RS;VENANCIO AIRES;C;Classificação de cidades 31/01/2023
SP;MONTE ALTO;C;Classificação de cidades 31/01/2023
MG;CAMBUI;C;Classificação de cidades 31/01/2023
PB;CABEDELO;C;Classificação de cidades 31/01/2023
MG;LUZ;C;Classificação de cidades 31/01/2023
MG;FRUTAL;C;Classificação de cidades 31/01/2023
RS;CAMAQUA;C;Classificação de cidades 31/01/2023
MG;GUAXUPE;C;Classificação de cidades 31/01/2023
SP;TAQUARITINGA;C;Classificação de cidades 31/01/2023
CE;MARANGUAPE;C;Classificação de cidades 31/01/2023
SP;SANTA ISABEL;C;Classificação de cidades 31/01/2023
MG;JANAUBA;C;Classificação de cidades 31/01/2023
MA;BALSAS;C;Classificação de cidades 31/01/2023
SP;SANTA CRUZ DO RIO PARDO;C;Classificação de cidades 31/01/2023
PE;IPOJUCA;C;Classificação de cidades 31/01/2023
SC;TIJUCAS;C;Classificação de cidades 31/01/2023
MA;CAXIAS;C;Classificação de cidades 31/01/2023
SP;TIETE;C;Classificação de cidades 31/01/2023
SP;PORTO FELIZ;C;Classificação de cidades 31/01/2023
PA;PARAGOMINAS;C;Classificação de cidades 31/01/2023
MG;TRES PONTAS;C;Classificação de cidades 31/01/2023
PB;BAYEUX;C;Classificação de cidades 31/01/2023
RN;SAO GONCALO DO AMARANTE;C;Classificação de cidades 31/01/2023
SP;CAMPOS DO JORDAO;C;Classificação de cidades 31/01/2023
