uf;faixa_capital;faixa_interior;observacao
AC;3;4;"N e P = faixa_capital (corredor Fortaleza E+); I = faixa_interior (Matriz Origem e Destino CE)"
AL;2;2;"N e P = faixa_capital (corredor Fortaleza E+); I = faixa_interior (Matriz Origem e Destino CE)"
AM;3;4;"N e P = faixa_capital (corredor Fortaleza E+); I = faixa_interior (Matriz Origem e Destino CE)"
AP;3;4;"N e P = faixa_capital (corredor Fortaleza E+); I = faixa_interior (Matriz Origem e Destino CE)"
BA;2;3;"N e P = faixa_capital (corredor Fortaleza E+); I = faixa_interior (Matriz Origem e Destino CE)"
CE;;;Origem. Dentro do CE: L3 (RMF), E3 (cidades A+, A e B) ou E4
DF;3;4;"N e P = faixa_capital (corredor Fortaleza E+); I = faixa_interior (Matriz Origem e Destino CE)"
ES;2;2;"N e P = faixa_capital (corredor Fortaleza E+); I = faixa_interior (Matriz Origem e Destino CE)"
GO;3;4;"N e P = faixa_capital (corredor Fortaleza E+); I = faixa_interior (Matriz Origem e Destino CE)"
MA;1;1;"N e P = faixa_capital (corredor Fortaleza E+); I = faixa_interior (Matriz Origem e Destino CE)"
MG;2;3;"N e P = faixa_capital (corredor Fortaleza E+); I = faixa_interior (Matriz Origem e Destino CE)"
MS;3;4;"N e P = faixa_capital (corredor Fortaleza E+); I = faixa_interior (Matriz Origem e Destino CE)"
MT;3;4;"N e P = faixa_capital (corredor Fortaleza E+); I = faixa_interior (Matriz Origem e Destino CE)"
PA;2;3;"N e P = faixa_capital (corredor Fortaleza E+); I = faixa_interior (Matriz Origem e Destino CE)"
PB;1;1;"N e P = faixa_capital (corredor Fortaleza E+); I = faixa_interior (Matriz Origem e Destino CE)"
PE;1;1;"N e P = faixa_capital (corredor Fortaleza E+); I = faixa_interior (Matriz Origem e Destino CE)"
PI;1;1;"N e P = faixa_capital (corredor Fortaleza E+); I = faixa_interior (Matriz Origem e Destino CE)"
PR;3;4;"N e P = faixa_capital (corredor Fortaleza E+); I = faixa_interior (Matriz Origem e Destino CE)"
RJ;2;3;"N e P = faixa_capital (corredor Fortaleza E+); I = faixa_interior (Matriz Origem e Destino CE)"
RN;1;1;"N e P = faixa_capital (corredor Fortaleza E+); I = faixa_interior (Matriz Origem e Destino CE)"
RO;3;4;"N e P = faixa_capital (corredor Fortaleza E+); I = faixa_interior (Matriz Origem e Destino CE)"
RR;3;4;"N e P = faixa_capital (corredor Fortaleza E+); I = faixa_interior (Matriz Origem e Destino CE)"
RS;3;4;"N e P = faixa_capital (corredor Fortaleza E+); I = faixa_interior (Matriz Origem e Destino CE)"
SC;3;4;"N e P = faixa_capital (corredor Fortaleza E+); I = faixa_interior (Matriz Origem e Destino CE)"
SE;2;2;"N e P = faixa_capital (corredor Fortaleza E+); I = faixa_interior (Matriz Origem e Destino CE)"
SP;3;4;"N e P = faixa_capital (corredor Fortaleza E+); I = faixa_interior (Matriz Origem e Destino CE)"
TO;3;4;"N e P = faixa_capital (corredor Fortaleza E+); I = faixa_interior (Matriz Origem e Destino CE)"
